"Section","Topic / Item","Description","Action / Link"
"WELCOME","BioDYM Tool","The BioDYM (Biomass Dynamic Material Flow Analysis) Tool is designed for researchers of all experience levels to model biomass systems without needing to code. This sheet is your guide.","[YOUR LOGO HERE]"
"WELCOME","Version & Contact","Version 2.2 | Last Updated: 2025-10-14","Contact: your.email@example.com"
"WORKFLOW GUIDE","Stage 1: Define System","Define the building blocks of your model: your processes and the flows between them. This is the foundation of your analysis.","Sheets: 2_1_Definition_Processes, 1_1_Definition_Flows"
"WORKFLOW GUIDE","Stage 2: Enter Data","Input the quantities for your flows and the rules (Transfer Coefficients) for how they are transformed or split by processes.","Sheets: 1_2_Data_Flows, 2_2_static_TCs, 2_3_dynamic_TCs"
"WORKFLOW GUIDE","Stage 3: Configure & Run","Set up advanced models like Dynamic Stocks (DSM) or First-Order Mass Pools (FOMP) if needed, then run the analysis in the Python notebook.","Sheets: 3_1_Definition_DSM, 3_2_Definition_FOMP"
"QUICK START","Step 1: Define Processes","List all the processes in your system (e.g., 'Harvesting', 'Composting'). Assign a 'Process_Logic' to determine how each one behaves.","=HYPERLINK(""#'2_1_Definition_Processes'!A1"",""Go to Sheet →"")"
"QUICK START","Step 2: Define Flows","List all the materials and elements that move between your processes. Define their composition (e.g., Water Content, Carbon Content).","=HYPERLINK(""#'1_1_Definition_Flows'!A1"",""Go to Sheet →"")"
"QUICK START","Step 3: Enter Flow Data","Enter the known values (e.g., in tonnes) for the flows you defined in Step 2. These are the inputs to your model.","=HYPERLINK(""#'1_2_Data_Flows'!A1"",""Go to Sheet →"")"
"QUICK START","Step 4: Set Transfer Coefficients (TCs)","For each process, define how flows are split or transformed. Use 'static_TCs' for simple material splits and 'dynamic_TCs' for changes in elemental composition.","=HYPERLINK(""#'2_2_static_TCs'!A1"",""Go to Sheets →"")"
"QUICK START","Step 5: Run the Analysis","Once your data is entered, open the 'BioDYM_Scientific_Notebook.ipynb' and run the cells to perform the MFA calculations and generate results.","External: Python Notebook"
"SHEET OVERVIEW","1_1_Definition_Flows","Purpose: Define all material and element flows. Key Fields: Flow_ID, Flow_Name, Flow_WC[%], Flow_DM[%], Flow_CC_DM[%]","=HYPERLINK(""#'1_1_Definition_Flows'!A1"",""Go to Sheet →"")"
"SHEET OVERVIEW","1_2_Data_Flows","Purpose: Enter measured or estimated data for flows. Key Fields: Flow_ID, Amount, Unit","=HYPERLINK(""#'1_2_Data_Flows'!A1"",""Go to Sheet →"")"
"SHEET OVERVIEW","2_1_Definition_Processes","Purpose: Define all processes and their behavior. Key Fields: Process_ID, Process_Name, Process_Logic","=HYPERLINK(""#'2_1_Definition_Processes'!A1"",""Go to Sheet →"")"
"SHEET OVERVIEW","2_2_static_TCs","Purpose: Define material flow TCs (composition doesn't change). Key Fields: Process_ID, Flow_ID, TC_Value","=HYPERLINK(""#'2_2_static_TCs'!A1"",""Go to Sheet →"")"
"SHEET OVERVIEW","2_3_dynamic_TCs","Purpose: Define element flow TCs (composition changes). Key Fields: Process_ID, Flow_ID, TC_Value","=HYPERLINK(""#'2_3_dynamic_TCs'!A1"",""Go to Sheet →"")"
"SHEET OVERVIEW","2_4_Initial_Stock","Purpose: Define initial stock amounts for processes. Key Fields: Process_ID, Stock_Amount","=HYPERLINK(""#'2_4_Initial_Stock'!A1"",""Go to Sheet →"")"
"SHEET OVERVIEW","3_1_Definition_DSM","Purpose: Configure Dynamic Stock Management models. Key Fields: DSM_Parameter_type, DSM_Value","=HYPERLINK(""#'3_1_Definition_DSM'!A1"",""Go to Sheet →"")"
"SHEET OVERVIEW","3_2_Definition_FOMP","Purpose: Configure First-Order Mass Pool models. Key Fields: FOMP_Parameter_ID, FOMP_Parameter_Value","=HYPERLINK(""#'3_2_Definition_FOMP'!A1"",""Go to Sheet →"")"
"CORE CONCEPTS","Process","A 'box' in your model that does something. It can be a physical place (a factory), a transformation (composting), or a boundary (the atmosphere).","Example: 'P01_Forest', 'P02_Sawmill'"
"CORE CONCEPTS","Flow","The movement of material or elements from one process to another.","Example: 'F_01_02' (Timber from Forest to Sawmill)"
"CORE CONCEPTS","Process_Logic","The most important setting for a process. It tells the tool how that process behaves (e.g., as a simple splitter, a stock, or a complex transformation).","Example: 'Splitter_Material' logic splits a flow but keeps composition."
"CORE CONCEPTS","Transfer Coefficient (TC)","A number (usually 0-1) that defines 'how much' of a flow goes from one process to another. It controls the path of your materials.","Example: A TC of 0.8 means 80% of a flow goes to a specific output."
"CORE CONCEPTS","Static vs. Dynamic TCs","'Static' TCs split the entire material flow. 'Dynamic' TCs split each element (Carbon, Water) separately, allowing composition to change.","Use 'Static' for sorting. Use 'Dynamic' for composting."
"CORE CONCEPTS","DSM & FOMP","Advanced models for processes that have a stock that changes over time. DSM uses lifetime distributions, while FOMP uses decay rates.","Use DSM for infrastructure. Use FOMP for soil carbon."
"TROUBLESHOOTING","MFA calculation fails","The sum of outgoing TCs for a process likely does not equal 1 (or 100%). Check the TCs for every process to ensure the balance is correct.","Location: Sheets 2_2_static_TCs & 2_3_dynamic_TCs"
"TROUBLESHOOTING","Process or flow missing from results","The 'Process_Logic' may be incorrect, or a Flow_ID may be inconsistent across sheets. Verify names and logic settings.","Location: Sheet 2_1_Definition_Processes"
"TROUBLESHOOTING","Excel errors like #VALUE!","A cell expecting a number may contain text, or a percentage was entered incorrectly. Percentages should be decimals (e.g., 0.5 for 50%).","Tip: Check number formatting in cells."
"BEST PRACTICES","Start Small","Build a simple model with only a few processes first. Once that works, gradually add more detail. This makes it much easier to find errors.","Benefit: Easier debugging."
"BEST PRACTICES","Use Descriptive Names","Give clear, descriptive names to processes and flows (e.g., 'Waste_Incineration' instead of 'P05'). Your model will be easier to understand.","Benefit: Improved clarity."
"BEST PRACTICES","Check Your Units","Ensure you are using consistent units (e.g., tonnes, kg) for all flows throughout the entire workbook. Mixing units is a common source of error.","Benefit: Accurate calculations."
"BEST PRACTRACTICES","Save Iterations","Save different versions of your file as you make major changes (e.g., 'my_model_v1.xlsm'). If you make a mistake, you can easily go back.","Benefit: Easy recovery from mistakes."
